{"57.636403,11.872322": 5.9, "57.635213,11.825711": 7.1, "57.661375,11.870112": 5.3, "57.660184,11.823468": 6.4, "57.611431,11.87453": 6.8, "57.637575,11.918937": 5.1, "57.610241,11.827951": 7.4, "57.662548,11.91676": 4.9, "57.612602,11.921111": 5.5, "57.634005,11.779103": 6.2, "57.686347,11.867899": 5.7, "57.658975,11.776827": 6.3, "57.685155,11.821222": 6.7, "57.609034,11.781375": 6.7, "57.687521,11.914579": 5.0, "57.586458,11.876734": 7.2, "57.63873,11.965555": 4.6, "57.58527,11.830188": 7.5, "57.663704,11.96341": 4.8, "57.587629,11.923283": 5.7}