{"57.636403,11.872322": 192, "57.635213,11.825711": 192, "57.661375,11.870112": 192, "57.660184,11.823468": 191, "57.611431,11.87453": 192, "57.637575,11.918937": 194, "57.610241,11.827951": 192, "57.662548,11.91676": 193, "57.612602,11.921111": 193, "57.634005,11.779103": 193, "57.686347,11.867899": 193, "57.658975,11.776827": 193, "57.685155,11.821222": 192, "57.609034,11.781375": 193, "57.687521,11.914579": 194, "57.586458,11.876734": 192, "57.63873,11.965555": 196, "57.58527,11.830188": 192, "57.663704,11.96341": 195, "57.587629,11.923283": 193}