{"57.636403,11.872322": 7.6, "57.635213,11.825711": 8.7, "57.661375,11.870112": 6.7, "57.660184,11.823468": 8.1, "57.611431,11.87453": 8.9, "57.637575,11.918937": 6.5, "57.610241,11.827951": 9.4, "57.662548,11.91676": 5.9, "57.612602,11.921111": 7.3, "57.634005,11.779103": 8.3, "57.686347,11.867899": 7.7, "57.658975,11.776827": 8.6, "57.685155,11.821222": 9.1, "57.609034,11.781375": 8.9, "57.687521,11.914579": 6.4, "57.586458,11.876734": 9.6, "57.63873,11.965555": 5.8, "57.58527,11.830188": 9.9, "57.663704,11.96341": 5.7, "57.587629,11.923283": 7.8}