{"57.636403,11.872322": 201, "57.635213,11.825711": 201, "57.661375,11.870112": 202, "57.660184,11.823468": 201, "57.611431,11.87453": 202, "57.637575,11.918937": 205, "57.610241,11.827951": 202, "57.662548,11.91676": 204, "57.612602,11.921111": 205, "57.634005,11.779103": 203, "57.686347,11.867899": 204, "57.658975,11.776827": 203, "57.685155,11.821222": 203, "57.609034,11.781375": 203, "57.687521,11.914579": 205, "57.586458,11.876734": 203, "57.63873,11.965555": 211, "57.58527,11.830188": 203, "57.663704,11.96341": 208, "57.587629,11.923283": 206}