{"57.636403,11.872322": 8.5, "57.635213,11.825711": 10.2, "57.661375,11.870112": 7.4, "57.660184,11.823468": 9.2, "57.611431,11.87453": 9.7, "57.637575,11.918937": 7.0, "57.610241,11.827951": 10.7, "57.662548,11.91676": 6.6, "57.612602,11.921111": 7.6, "57.634005,11.779103": 8.9, "57.686347,11.867899": 7.8, "57.658975,11.776827": 8.8, "57.685155,11.821222": 9.3, "57.609034,11.781375": 9.8, "57.687521,11.914579": 6.7, "57.586458,11.876734": 10.2, "57.63873,11.965555": 5.9, "57.58527,11.830188": 10.8, "57.663704,11.96341": 6.2, "57.587629,11.923283": 7.8}