{"57.636403,11.872322": 263, "57.635213,11.825711": 270, "57.661375,11.870112": 269, "57.660184,11.823468": 274, "57.611431,11.87453": 253, "57.637575,11.918937": 248, "57.610241,11.827951": 259, "57.662548,11.91676": 238, "57.612602,11.921111": 248, "57.634005,11.779103": 272, "57.686347,11.867899": 263, "57.658975,11.776827": 273, "57.685155,11.821222": 269, "57.609034,11.781375": 263, "57.687521,11.914579": 238, "57.586458,11.876734": 247, "57.63873,11.965555": 245, "57.58527,11.830188": 251, "57.663704,11.96341": 220, "57.587629,11.923283": 244}