{"57.636403,11.872322": 6.7, "57.661375,11.870112": 6.0, "57.611431,11.87453": 7.7, "57.635213,11.825711": 7.7, "57.660184,11.823468": 7.3, "57.610241,11.827951": 8.2, "57.686347,11.867899": 7.0, "57.586458,11.876734": 8.3, "57.637575,11.918937": 5.7, "57.685155,11.821222": 8.2, "57.662548,11.91676": 5.4, "57.58527,11.830188": 8.6, "57.612602,11.921111": 6.3, "57.711318,11.865683": 5.6, "57.687521,11.914579": 5.9, "57.710126,11.818973": 5.9, "57.561486,11.878935": 8.2, "57.634005,11.779103": 7.3, "57.587629,11.923283": 6.7, "57.560299,11.832421": 8.6}