{"57.636403,11.872322": 11.8, "57.635213,11.825711": 10.5, "57.661375,11.870112": 11.4, "57.660184,11.823468": 11.3, "57.611431,11.87453": 11.9, "57.637575,11.918937": 12.4, "57.610241,11.827951": 11.6, "57.662548,11.91676": 12.4, "57.612602,11.921111": 12.2, "57.634005,11.779103": 11.1, "57.686347,11.867899": 10.9, "57.658975,11.776827": 11.7, "57.685155,11.821222": 11.0, "57.609034,11.781375": 12.1, "57.687521,11.914579": 12.3, "57.586458,11.876734": 12.3, "57.63873,11.965555": 12.8, "57.58527,11.830188": 12.5, "57.663704,11.96341": 13.2, "57.587629,11.923283": 12.5}