{"57.636403,11.872322": 254, "57.661375,11.870112": 254, "57.611431,11.87453": 255, "57.635213,11.825711": 255, "57.660184,11.823468": 254, "57.610241,11.827951": 255, "57.686347,11.867899": 252, "57.586458,11.876734": 255, "57.637575,11.918937": 252, "57.685155,11.821222": 252, "57.662548,11.91676": 254, "57.58527,11.830188": 256, "57.612602,11.921111": 253, "57.711318,11.865683": 247, "57.687521,11.914579": 253, "57.710126,11.818973": 248, "57.561486,11.878935": 255, "57.634005,11.779103": 255, "57.587629,11.923283": 255, "57.560299,11.832421": 256}