{"57.636403,11.872322": 12.2, "57.661375,11.870112": 12.5, "57.611431,11.87453": 11.6, "57.635213,11.825711": 11.3, "57.660184,11.823468": 12.1, "57.610241,11.827951": 11.5, "57.686347,11.867899": 12.5, "57.586458,11.876734": 11.3, "57.637575,11.918937": 12.2, "57.685155,11.821222": 11.5, "57.662548,11.91676": 12.2, "57.58527,11.830188": 11.3, "57.612602,11.921111": 12.2, "57.711318,11.865683": 12.9, "57.687521,11.914579": 12.8, "57.710126,11.818973": 13.3, "57.561486,11.878935": 11.3, "57.634005,11.779103": 12.5, "57.587629,11.923283": 11.9, "57.560299,11.832421": 11.2}