{"57.636403,11.872322": 4.8, "57.635213,11.825711": 6.6, "57.661375,11.870112": 4.2, "57.660184,11.823468": 5.9, "57.611431,11.87453": 5.6, "57.637575,11.918937": 3.9, "57.610241,11.827951": 7.0, "57.662548,11.91676": 3.7, "57.612602,11.921111": 4.2, "57.634005,11.779103": 6.3, "57.686347,11.867899": 4.4, "57.658975,11.776827": 6.1, "57.685155,11.821222": 5.9, "57.609034,11.781375": 7.0, "57.687521,11.914579": 3.7, "57.586458,11.876734": 6.0, "57.63873,11.965555": 3.5, "57.58527,11.830188": 7.2, "57.663704,11.96341": 3.7, "57.587629,11.923283": 4.5}