{"57.636403,11.872322": 271, "57.635213,11.825711": 271, "57.661375,11.870112": 272, "57.660184,11.823468": 272, "57.611431,11.87453": 269, "57.637575,11.918937": 270, "57.610241,11.827951": 268, "57.662548,11.91676": 271, "57.612602,11.921111": 268, "57.634005,11.779103": 272, "57.686347,11.867899": 267, "57.658975,11.776827": 272, "57.685155,11.821222": 269, "57.609034,11.781375": 268, "57.687521,11.914579": 266, "57.586458,11.876734": 265, "57.63873,11.965555": 267, "57.58527,11.830188": 264, "57.663704,11.96341": 270, "57.587629,11.923283": 265}