{"57.636403,11.872322": 14.8, "57.635213,11.825711": 13.5, "57.661375,11.870112": 14.9, "57.660184,11.823468": 14.2, "57.611431,11.87453": 14.0, "57.637575,11.918937": 14.3, "57.610241,11.827951": 13.6, "57.662548,11.91676": 14.3, "57.612602,11.921111": 14.3, "57.634005,11.779103": 14.7, "57.686347,11.867899": 14.1, "57.658975,11.776827": 14.3, "57.685155,11.821222": 13.2, "57.609034,11.781375": 14.2, "57.687521,11.914579": 14.0, "57.586458,11.876734": 13.5, "57.63873,11.965555": 13.4, "57.58527,11.830188": 13.5, "57.663704,11.96341": 13.8, "57.587629,11.923283": 13.9}