{"57.636403,11.872322": 10.7, "57.635213,11.825711": 10.5, "57.661375,11.870112": 10.6, "57.660184,11.823468": 10.9, "57.611431,11.87453": 10.2, "57.637575,11.918937": 9.9, "57.610241,11.827951": 10.8, "57.662548,11.91676": 9.8, "57.612602,11.921111": 10.2, "57.634005,11.779103": 12.2, "57.686347,11.867899": 9.8, "57.658975,11.776827": 11.6, "57.685155,11.821222": 9.8, "57.609034,11.781375": 12.0, "57.687521,11.914579": 9.3, "57.586458,11.876734": 10.1, "57.63873,11.965555": 9.8, "57.58527,11.830188": 10.9, "57.663704,11.96341": 9.8, "57.587629,11.923283": 10.3}