{"57.636403,11.872322": 11.2, "57.635213,11.825711": 10.7, "57.661375,11.870112": 11.8, "57.660184,11.823468": 11.5, "57.611431,11.87453": 10.7, "57.637575,11.918937": 10.9, "57.610241,11.827951": 10.7, "57.662548,11.91676": 11.3, "57.612602,11.921111": 10.7, "57.634005,11.779103": 11.7, "57.686347,11.867899": 11.8, "57.658975,11.776827": 12.0, "57.685155,11.821222": 11.4, "57.609034,11.781375": 11.4, "57.687521,11.914579": 12.1, "57.586458,11.876734": 10.8, "57.63873,11.965555": 10.6, "57.58527,11.830188": 10.9, "57.663704,11.96341": 11.1, "57.587629,11.923283": 10.9}