{"57.636403,11.872322": 172, "57.635213,11.825711": 169, "57.661375,11.870112": 172, "57.660184,11.823468": 170, "57.611431,11.87453": 171, "57.637575,11.918937": 169, "57.610241,11.827951": 168, "57.662548,11.91676": 167, "57.612602,11.921111": 169, "57.634005,11.779103": 163, "57.686347,11.867899": 173, "57.658975,11.776827": 163, "57.685155,11.821222": 171, "57.609034,11.781375": 162, "57.687521,11.914579": 166, "57.586458,11.876734": 169, "57.63873,11.965555": 162, "57.58527,11.830188": 166, "57.663704,11.96341": 162, "57.587629,11.923283": 166}