{"57.636403,11.872322": 6.0, "57.635213,11.825711": 6.9, "57.661375,11.870112": 5.7, "57.660184,11.823468": 6.8, "57.611431,11.87453": 7.0, "57.637575,11.918937": 5.2, "57.610241,11.827951": 7.3, "57.662548,11.91676": 5.2, "57.612602,11.921111": 5.6, "57.634005,11.779103": 6.4, "57.686347,11.867899": 6.7, "57.658975,11.776827": 7.2, "57.685155,11.821222": 7.8, "57.609034,11.781375": 6.7, "57.687521,11.914579": 5.8, "57.586458,11.876734": 7.9, "57.63873,11.965555": 4.4, "57.58527,11.830188": 8.0, "57.663704,11.96341": 5.0, "57.587629,11.923283": 6.3}