{"57.636403,11.872322": 5.6, "57.635213,11.825711": 7.1, "57.661375,11.870112": 4.2, "57.660184,11.823468": 6.9, "57.611431,11.87453": 8.0, "57.637575,11.918937": 3.4, "57.610241,11.827951": 8.3, "57.662548,11.91676": 2.1, "57.612602,11.921111": 5.9, "57.634005,11.779103": 6.6, "57.686347,11.867899": 5.1, "57.658975,11.776827": 7.5, "57.685155,11.821222": 7.8, "57.609034,11.781375": 7.2, "57.687521,11.914579": 2.9, "57.586458,11.876734": 8.9, "57.63873,11.965555": 1.7, "57.58527,11.830188": 9.1, "57.663704,11.96341": 1.8, "57.587629,11.923283": 6.8}