{"57.636403,11.872322": 249, "57.635213,11.825711": 250, "57.661375,11.870112": 250, "57.660184,11.823468": 250, "57.611431,11.87453": 250, "57.637575,11.918937": 248, "57.610241,11.827951": 250, "57.662548,11.91676": 249, "57.612602,11.921111": 249, "57.634005,11.779103": 250, "57.686347,11.867899": 250, "57.658975,11.776827": 251, "57.685155,11.821222": 250, "57.609034,11.781375": 250, "57.687521,11.914579": 250, "57.586458,11.876734": 250, "57.63873,11.965555": 248, "57.58527,11.830188": 251, "57.663704,11.96341": 247, "57.587629,11.923283": 250}