{"57.636403,11.872322": 13.4, "57.635213,11.825711": 12.6, "57.661375,11.870112": 13.5, "57.660184,11.823468": 13.2, "57.611431,11.87453": 13.1, "57.637575,11.918937": 13.4, "57.610241,11.827951": 13.0, "57.662548,11.91676": 13.0, "57.612602,11.921111": 13.7, "57.634005,11.779103": 13.8, "57.686347,11.867899": 13.4, "57.658975,11.776827": 13.7, "57.685155,11.821222": 12.6, "57.609034,11.781375": 13.6, "57.687521,11.914579": 13.5, "57.586458,11.876734": 12.9, "57.63873,11.965555": 13.2, "57.58527,11.830188": 12.9, "57.663704,11.96341": 12.8, "57.587629,11.923283": 13.6}