{"57.636403,11.872322": 277, "57.635213,11.825711": 277, "57.661375,11.870112": 276, "57.660184,11.823468": 276, "57.611431,11.87453": 278, "57.637575,11.918937": 276, "57.610241,11.827951": 277, "57.662548,11.91676": 275, "57.612602,11.921111": 278, "57.634005,11.779103": 277, "57.686347,11.867899": 272, "57.658975,11.776827": 276, "57.685155,11.821222": 273, "57.609034,11.781375": 275, "57.687521,11.914579": 270, "57.586458,11.876734": 277, "57.63873,11.965555": 275, "57.58527,11.830188": 276, "57.663704,11.96341": 273, "57.587629,11.923283": 279}